4PTG3Z6ehGkBFwjybzWkR8,"Never Gonna Give You Up","Rick Astley",https://i.scdn.co/image/ab67616d0000b27315ebbedaacef61af244262a8,"2024-04-30 05:14:38.344583"
2hsA9YWuF3C9Gosi4dpjJN,Negro,"J Balvin",https://i.scdn.co/image/ab67616d0000b27335692baca45542527d742d0d,"2024-04-30 04:52:07.644812"
0kdqcbwei4MDWFEX5f33yG?si=f8bee36907ea4d00,Bling-Bang-Bang-Born,"Creepy Nuts",https://i.scdn.co/image/ab67616d0000b2733f6de9c0ca2148edf20daa6b,"2024-04-30 03:10:19.669156"
1eldTykrnkEBLX41bk5eMw?si=64da0ac85101491e,"Petit génie",Jungeli,https://i.scdn.co/image/ab67616d0000b2737b6ae17633cbb6f9c1b5d4ac,"2024-04-26 08:02:28.774281"
7CAbF0By0Fpnbiu6Xn5ZF7?si=a169f1068ddf4870,"Kingslayer (feat. BABYMETAL)","Bring Me The Horizon",https://i.scdn.co/image/ab67616d0000b2735149c948fde506624246a684,"2024-04-26 07:17:17.422818"
3HDYqfUZN3vToDnhqNsb6J?si=e16a49cd76e14f1d,"24 Rosas",Aitana,https://i.scdn.co/image/ab67616d0000b2732f74dd3a7c4ec82b58479b56,"2024-04-26 06:08:25.936960"
23sXtu1mNhQwZCCSyvwZCc?si=5eefee9114314a8b,"Otra Vez",Aitana,https://i.scdn.co/image/ab67616d0000b27360bb82df55b4c301ed226fb9,"2024-04-26 05:44:52.351599"
1eWWdO6oIBdJT8SCXaYCYV?si=cab73633054442d8,"Tu Foto Del DNI",Marmi,https://i.scdn.co/image/ab67616d0000b2734af8c4c4e256ae2a5483f19f,"2024-04-26 04:14:37.690354"
4IIFgOUMSAQFSuwaTgKqu8?si=2f0da86577314bb0,"Las Dudas","Sebastian Yatra",https://i.scdn.co/image/ab67616d0000b2739f6800546cfaaacb3fa4b145,"2024-04-26 04:12:11.091522"
00QBHaaP4KUcjlmxWriMbC?si=deb218fd1fbe4075,"Más De Lo Que Aposté",Aitana,https://i.scdn.co/image/ab67616d0000b273ae2f9104948453659b55dbf0,"2024-04-26 04:08:04.449801"
26QApq0cuO9brJigr0C0W4?si=326aef8bd2a0444b,"HACIENDO QUE ME AMAS","Bad Bunny",https://i.scdn.co/image/ab67616d0000b273005ee342f4eef2cc6e8436ab,"2024-04-26 03:36:41.619454"
5e50NiIlOc2YJIftHzoehd?si=6f8fa53b93f64beb,"MALA SANTA","Becky G",https://i.scdn.co/image/ab67616d0000b2739c8890c824bb9be2360e79c1,"2024-04-25 03:42:42.420081"
77dMSg2VHi2wwXjXNrmcrZ?si=d27b1ee5f1424500,"Nena Maldición (feat. Lenny Tavárez)","Paulo Londra",https://i.scdn.co/image/ab67616d0000b273cf7e54f668d6a31dd6566f24,"2024-04-25 03:42:42.420081"
278kSqsZIiYp8p3QjYAqa8?si=a642df6bf2fb4174,"NI BIEN NI MAL","Bad Bunny",https://i.scdn.co/image/ab67616d0000b273519266cd05491a5b5bc22d1e,"2024-04-25 03:42:42.420081"
69ZaPBHhRMRDjRpW1ivnOU?si=13e0ca81676143b2,"Como Antes","Bad Bunny",https://i.scdn.co/image/ab67616d0000b273519266cd05491a5b5bc22d1e,"2024-04-25 03:38:28.463556"
7ncPjJBktLEOpstY5JOUMK?si=f9886ad31df34a95,"一途","King Gnu",https://i.scdn.co/image/ab67616d0000b273681dedf478b2dde1a5b5ae4e,"2024-04-25 03:37:18.776479"
382n05RtneO3ykQlFQrAd1?si=ec96131e7c7d4cbe,Formidable,Stromae,https://i.scdn.co/image/ab67616d0000b273e742841accccf949d7af1b75,"2024-04-25 03:30:38.483430"
2HovXsvcdJur52BOcYGydz?si=2840a0ccdaf94c9c,"カタオモイ",Aimer,https://i.scdn.co/image/ab67616d0000b273b56ada0ba61d7787fb213f72,"2024-04-25 03:29:05.510469"
7CAbF0By0Fpnbiu6Xn5ZF7?si=9c3f4302efda499d,"Kingslayer (feat. BABYMETAL)","Bring Me The Horizon",https://i.scdn.co/image/ab67616d0000b2735149c948fde506624246a684,"2024-04-25 03:25:22.604615"
1QFw2xxyQtgKjlrMCEqsNj?si=aaa1a1d54cc7449c,Papaoutai,Stromae,https://i.scdn.co/image/ab67616d0000b273e742841accccf949d7af1b75,"2024-04-25 03:22:14.791072"
5pXy29xzxR3aTB0SYRI590?si=a229f799cddf4c6d,Blanco,"J Balvin",https://i.scdn.co/image/ab67616d0000b27335692baca45542527d742d0d,"2024-04-25 03:22:14.791072"
2hsA9YWuF3C9Gosi4dpjJN?si=25fb51325c1c4404,Negro,"J Balvin",https://i.scdn.co/image/ab67616d0000b27335692baca45542527d742d0d,"2024-04-25 03:09:05.812445"
380HmhwTE2NJgawn1NwkXi?si=0f428b5e06724a51,Rojo,"J Balvin",https://i.scdn.co/image/ab67616d0000b27335692baca45542527d742d0d,"2024-04-25 03:07:16.036480"
0fea68AdmYNygeTGI4RC18?si=a399e1c1eb4643d6,"LA CANCIÓN","J Balvin",https://i.scdn.co/image/ab67616d0000b2734891d9b25d8919448388f3bb,"2024-04-25 02:50:57.683652"
4JK1kDUdH9RTBQrrSO1QfR?si=86583a9a987740d2,"ベテルギウス",Yuuri,https://i.scdn.co/image/ab67616d0000b273d0bd51668da5629aa0cc77d8,"2024-04-25 02:21:36.838261"
1zuY26Ll9TTcefOKMKxnJu?si=6c521f3ef4e54a8a,Espectacular,Hens,https://i.scdn.co/image/ab67616d0000b2735e0063b6a3878437385a7296,"2024-12-24 20:36:10.971515"
2HovXsvcdJur52BOcYGydz,"カタオモイ",Aimer,https://i.scdn.co/image/ab67616d0000b273b56ada0ba61d7787fb213f72,"2024-12-24 21:10:46.744832"
4gpvY7b9wHA9G1ZsMDu15b,"Aishite Aishite Aishite",Ado,https://i.scdn.co/image/ab67616d0000b273f5912abed0ea22e746552771,"2024-12-24 21:10:46.744832"
2MsDVWHcrBexkP9zOIWz4R,"メリーゴーランド",Yuuri,https://i.scdn.co/image/ab67616d0000b273188327ac9022d86ad2dd6483,"2024-12-24 21:10:46.744832"
22seP38foydqUMp5Fvkcjm,Inolvidable,Reik,https://i.scdn.co/image/ab67616d0000b273d6cfdde09715f80ddf68ec52,"2024-12-24 21:10:46.744832"
40HxZ8rPnqaVTNhjbSRjpC,"El Cabrón","Cartel De Santa",https://i.scdn.co/image/ab67616d0000b273ca5c95ef4943f338ef029cf9,"2024-12-24 21:22:10.657747"
6it15CsDlkqB7N4lF0C1qM,Caro,"Bad Bunny",https://i.scdn.co/image/ab67616d0000b273519266cd05491a5b5bc22d1e,"2024-12-25 07:21:27.498932"
71pEiUWwfDFiRO6RmFpnBf,MOJAITA,"J Balvin",https://i.scdn.co/image/ab67616d0000b2734891d9b25d8919448388f3bb,"2024-12-25 07:21:27.498932"
2qG5sZ7Si6sdK74qLxedYM,"Con Altura","ROSALÍA",https://i.scdn.co/image/ab67616d0000b27365b0e3e1bd8b5fe2f602c1ea,"2024-12-25 07:21:27.498932"
2ksOAxtIxY8yElEWw8RhgK,China,"Anuel AA",https://i.scdn.co/image/ab67616d0000b2735fa6dc9fc261344044c301a9,"2024-12-25 07:21:27.498932"
3TqLIW3qd4qFYkfYsBjVN6,Delincuente,Farruko,https://i.scdn.co/image/ab67616d0000b273a4eeb8b5182833605c0dd1af,"2024-12-25 07:21:27.498932"
4qknM1pQz53QOyfDVTjcM9,"Me Enamoré",Shakira,https://i.scdn.co/image/ab67616d0000b273d05d3aad30c5fb7614893cf5,"2024-12-25 07:21:27.498932"
2vrpcQNg6itmgVZWsNjWe0,"Un Año","Sebastian Yatra",https://i.scdn.co/image/ab67616d0000b273194331547eaabec350413225,"2024-12-25 07:21:27.498932"
6ifUES3keWjwXgae8pXI3o,"Me Rehúso","Danny Ocean",https://i.scdn.co/image/ab67616d0000b273d8243a13e6f41310a5fa7b96,"2024-12-25 07:21:27.498932"
2zkVH2daHyjS51g7PRJFDn,"¿Qué Ha Pasao'?","Abraham Mateo",https://i.scdn.co/image/ab67616d0000b2731a61786e39540bd02664b8e1,"2024-12-25 07:21:27.498932"
6Za3190Sbw39BBC77WSS1C,Criminal,"NATTI NATASHA",https://i.scdn.co/image/ab67616d0000b2735f3f4af0d3e662247a7d8cff,"2024-12-25 07:21:27.498932"
0lPXFrKyl8HkdQ2E6NmNja,"Ya Me Enteré",Reik,https://i.scdn.co/image/ab67616d0000b273511cc998154eebad1694f9c2,"2024-12-25 07:21:27.498932"
2vvdTrdryjsl8DmPIMDWZU,"EL BAÑO","Enrique Iglesias",https://i.scdn.co/image/ab67616d0000b273e1a333c2db1257185ae311e2,"2024-12-25 07:21:27.498932"
278kSqsZIiYp8p3QjYAqa8,"NI BIEN NI MAL","Bad Bunny",https://i.scdn.co/image/ab67616d0000b273519266cd05491a5b5bc22d1e,"2024-12-25 07:21:27.498932"
5VQpJ2AY2iMzrRZKgcvNjh,"Tenemos Que Hablar","Bad Bunny",https://i.scdn.co/image/ab67616d0000b273519266cd05491a5b5bc22d1e,"2024-12-25 07:21:27.498932"
35wvL50xvKpCHEJPxLOLPI,"Si Estuviésemos Juntos","Bad Bunny",https://i.scdn.co/image/ab67616d0000b273519266cd05491a5b5bc22d1e,"2024-12-25 07:21:27.498932"
69ZaPBHhRMRDjRpW1ivnOU,"Como Antes","Bad Bunny",https://i.scdn.co/image/ab67616d0000b273519266cd05491a5b5bc22d1e,"2024-12-25 07:21:27.498932"
6pZHZndlo57dPCYnvlYFOE,RLNDT,"Bad Bunny",https://i.scdn.co/image/ab67616d0000b273519266cd05491a5b5bc22d1e,"2024-12-25 07:21:27.498932"
0fea68AdmYNygeTGI4RC18,"LA CANCIÓN","J Balvin",https://i.scdn.co/image/ab67616d0000b2734891d9b25d8919448388f3bb,"2024-12-25 07:21:27.498932"
1Bqg4yFeVDJxchh6MjkGKy,Chambea,"Bad Bunny",https://i.scdn.co/image/ab67616d0000b273147689b8550e68c0e6f78411,"2024-12-25 07:21:27.498932"
68QcquxCS39cQGTsRrJWIR,Amorfoda,"Bad Bunny",https://i.scdn.co/image/ab67616d0000b273f68d3148a46b457e05f2acde,"2024-12-25 07:21:27.498932"
4DbhxwlkhTbCTqlZptxmI6,Swing,"Danny Ocean",https://i.scdn.co/image/ab67616d0000b273d8243a13e6f41310a5fa7b96,"2024-12-25 07:21:27.498932"
30zRVzH3FUvbtqYwLvd5fc,Vuelve,"Danny Ocean",https://i.scdn.co/image/ab67616d0000b273d8243a13e6f41310a5fa7b96,"2024-12-25 07:21:27.498932"
30LBoQSk8gjcN0hWCWtdbF,Dembow,"Danny Ocean",https://i.scdn.co/image/ab67616d0000b273d8243a13e6f41310a5fa7b96,"2024-12-25 07:21:27.498932"
6z8sQFj47s9ZG0Ls1k9Gct,"Dime tú","Danny Ocean",https://i.scdn.co/image/ab67616d0000b273745fcdc42b7eaba27ae28f2d,"2024-12-25 07:21:27.498932"
7COfe3P7KgfwDwIRB8LIDw,"Mi Gente","J Balvin",https://i.scdn.co/image/ab67616d0000b273dda2b86297d3bfb519f8b785,"2024-12-25 07:21:27.498932"
5qFeMRz4TvetPmzjre9Dq7,"No Es Justo","J Balvin",https://i.scdn.co/image/ab67616d0000b273dda2b86297d3bfb519f8b785,"2024-12-25 07:21:27.498932"
456xBIOmLRoLzCvCzZrWge,Safari,"J Balvin",https://i.scdn.co/image/ab67616d0000b273734b36a0655aae40d78d70f4,"2024-12-25 07:21:27.498932"
74wEiOpnvCe1tCTWKGSYta,"Cuando Te Besé","Becky G",https://i.scdn.co/image/ab67616d0000b2739c8890c824bb9be2360e79c1,"2024-12-25 07:21:27.498932"
5e50NiIlOc2YJIftHzoehd,"MALA SANTA","Becky G",https://i.scdn.co/image/ab67616d0000b2739c8890c824bb9be2360e79c1,"2024-12-25 07:21:27.498932"
7dNwJbsT0sg1le5kVugGJb,Bubalu,"Becky G",https://i.scdn.co/image/ab67616d0000b273d4109852bbf94774833e8d05,"2024-12-25 07:21:27.498932"
2uhMYJq2TODWBuZhHRrdWy,DOLLAR,"Becky G",https://i.scdn.co/image/ab67616d0000b2739c8890c824bb9be2360e79c1,"2024-12-25 07:21:27.498932"
2AY1UAimvTqjJC8vDJsOyy,Mayores,"Becky G",https://i.scdn.co/image/ab67616d0000b2739c8890c824bb9be2360e79c1,"2024-12-25 07:21:27.498932"
132ALUzVLmqYB4UsBj5qD6,"Adan y Eva","Paulo Londra",https://i.scdn.co/image/ab67616d0000b273cf7e54f668d6a31dd6566f24,"2024-12-25 07:21:27.498932"
5jW3rF4URMdK7tO2xjS5EI,"Tal Vez","Paulo Londra",https://i.scdn.co/image/ab67616d0000b273cf7e54f668d6a31dd6566f24,"2024-12-25 07:21:27.498932"
5PDoWY5Av2Ba3rWIdY9Ij0,"Party (feat. A Boogie Wit da Hoodie)","Paulo Londra",https://i.scdn.co/image/ab67616d0000b273dcf525132497110ae96ddfa6,"2024-12-25 07:21:27.498932"
77dMSg2VHi2wwXjXNrmcrZ,"Nena Maldición (feat. Lenny Tavárez)","Paulo Londra",https://i.scdn.co/image/ab67616d0000b273cf7e54f668d6a31dd6566f24,"2024-12-25 07:21:27.498932"
2qRN7PWiHRLprw4FpDeI9N,"Nothing On You (feat. Paulo Londra & Dave)","Ed Sheeran",https://i.scdn.co/image/ab67616d0000b27373304ce0653c7758dd94b259,"2024-12-25 07:21:27.498932"
3H9GDhVVTlmFQSmpt51qiP,"Solo Pienso En Ti (feat. De La Ghetto & Justin Quiles)","Paulo Londra",https://i.scdn.co/image/ab67616d0000b273cf7e54f668d6a31dd6566f24,"2024-12-25 07:21:27.498932"
5W83ErFkO3aKAIS1WMi6u0,Secreto,"Anuel AA",https://i.scdn.co/image/ab67616d0000b273dc67d6f3cc602f02ed7fd932,"2024-12-25 07:21:27.498932"
3qRDBJRkgnOK5lMh3XxRCE,"Casi Nada","KAROL G",https://i.scdn.co/image/ab67616d0000b273d091fdbc95c464561404d3ce,"2024-12-25 07:21:27.498932"
6YZdkObH88npeKrrkb8Ggf,"DUELE EL CORAZON (feat. Wisin)","Enrique Iglesias",https://i.scdn.co/image/ab67616d0000b2736f5d25a217398fb3886aec0e,"2024-12-25 07:21:27.498932"
2z0z5ddJS3K7qvhp4PH0Aa,"Dímelo","Enrique Iglesias",https://i.scdn.co/image/ab67616d0000b27305a6cbc1f2a0e36b818f1351,"2024-12-25 07:21:27.498932"
09nSCeCs6eYfAIJVfye1CE,Oye,TINI,https://i.scdn.co/image/ab67616d0000b2739c411282d6b1ef121abf8c85,"2024-12-25 07:21:27.498932"
7BuSE9uTIw931wtZYzvZcQ,Runaway,"Sebastian Yatra",https://i.scdn.co/image/ab67616d0000b2739ac6ac46e45a198c95d5d351,"2024-12-25 07:21:27.498932"
7uQmJ1jgNzBpATSoWKSPFu,"Ya No Tiene Novio","Sebastian Yatra",https://i.scdn.co/image/ab67616d0000b273f89d8cc59e29c9d2f846e903,"2024-12-25 07:21:27.498932"
3DjInVTE03icrWsq2UZV9n,Recuerdo,TINI,https://i.scdn.co/image/ab67616d0000b27365dbd283fa629d57924d23e6,"2024-12-25 07:21:27.498932"
1LszjjoVwDDZcWUQbzeDLG,"Explícale (feat. Bad Bunny)",Yandel,https://i.scdn.co/image/ab67616d0000b273b54d1c695daae20467312eb3,"2024-12-25 07:21:27.498932"
7e1VoRlNumuEkXlITMHKLE,"Me Gusta (with Cardi B & Myke Towers)",Anitta,https://i.scdn.co/image/ab67616d0000b2735ab849e41df09b237b9f3a28,"2024-12-25 07:21:27.498932"
3OL6rKs4tpYCdPZ9SEx50p,"Corazón Sin Vida",Aitana,https://i.scdn.co/image/ab67616d0000b2736d7ff2983d6cca3e4e663902,"2024-12-25 07:21:27.498932"
41wtwzCZkXwpnakmwJ239F,"Si Veo a Tu Mamá","Bad Bunny",https://i.scdn.co/image/ab67616d0000b273548f7ec52da7313de0c5e4a0,"2024-12-25 07:21:27.498932"
3HTbI3yUJQw3fP0Po8qLcD,Verde,"J Balvin",https://i.scdn.co/image/ab67616d0000b27335692baca45542527d742d0d,"2024-12-25 07:21:27.498932"
1syf62zw48zu4FrPwMtDHk,Gris,"J Balvin",https://i.scdn.co/image/ab67616d0000b27335692baca45542527d742d0d,"2024-12-25 07:21:27.498932"
47EiUVwUp4C9fGccaPuUCS,"DÁKITI","Bad Bunny",https://i.scdn.co/image/ab67616d0000b27334c8199b0b3b3fb42b8a98a8,"2024-12-25 07:21:27.498932"
7FnHUsFRTMg8VYteFKj3xL,Machika,"J Balvin",https://i.scdn.co/image/ab67616d0000b273dda2b86297d3bfb519f8b785,"2024-12-25 07:21:27.498932"
1ZxJkG775oka5RsH3Yuwv3,"Dónde Estarás","J Balvin",https://i.scdn.co/image/ab67616d0000b273dda2b86297d3bfb519f8b785,"2024-12-25 07:21:27.498932"
66XlMyAfZjJ24GVa2qPF9c,"Noches Pasadas","J Balvin",https://i.scdn.co/image/ab67616d0000b273dda2b86297d3bfb519f8b785,"2024-12-25 07:21:27.498932"
3Nkqp3NSGWMXVVO08zGpN7,Peligrosa,"J Balvin",https://i.scdn.co/image/ab67616d0000b273dda2b86297d3bfb519f8b785,"2024-12-25 07:21:27.498932"
5zzbORcD0GwLY0wQHP1Xs1,"Arcoíris","J Balvin",https://i.scdn.co/image/ab67616d0000b27335692baca45542527d742d0d,"2024-12-25 07:21:27.498932"
703iVQrfbQsXt7Uzgy1h8k,Cristina,"Sebastian Yatra",https://i.scdn.co/image/ab67616d0000b273194331547eaabec350413225,"2024-12-25 07:21:27.498932"
1ShE9RS5ach7Z5kVudg174,"Devuélveme El Corazón","Sebastian Yatra",https://i.scdn.co/image/ab67616d0000b2735fe388e78509268188f6dda7,"2024-12-25 07:21:27.498932"
5pXy29xzxR3aTB0SYRI590,Blanco,"J Balvin",https://i.scdn.co/image/ab67616d0000b27335692baca45542527d742d0d,"2024-12-25 07:21:27.498932"
380HmhwTE2NJgawn1NwkXi,Rojo,"J Balvin",https://i.scdn.co/image/ab67616d0000b27335692baca45542527d742d0d,"2024-12-25 07:21:27.498932"
35KmOEIUqAGn02t7n4qaIr,Morado,"J Balvin",https://i.scdn.co/image/ab67616d0000b27335692baca45542527d742d0d,"2024-12-25 07:21:27.498932"
3vytOevJomYPaAZM2OXwn5,"Fantasía","Sebastian Yatra",https://i.scdn.co/image/ab67616d0000b273194331547eaabec350413225,"2024-12-25 07:21:27.498932"
3KDKc5FyA5E1Lhr9xSJGLy,"Falta Amor","Sebastian Yatra",https://i.scdn.co/image/ab67616d0000b273194331547eaabec350413225,"2024-12-25 07:21:27.498932"
3wGRfBDRNQb0nFDFrUPvq6,Vuelve,"Sebastian Yatra",https://i.scdn.co/image/ab67616d0000b273194331547eaabec350413225,"2024-12-25 07:21:27.498932"
00QBHaaP4KUcjlmxWriMbC,"Más De Lo Que Aposté",Aitana,https://i.scdn.co/image/ab67616d0000b273ae2f9104948453659b55dbf0,"2024-12-25 07:21:27.498932"
2YpupWlGIpbkra73hHc8KW,"La Mujer Traiciona","Lenny Tavárez",https://i.scdn.co/image/ab67616d0000b2739efd41307fb734f459faf561,"2024-12-25 07:21:27.498932"
2HzWLayXg9UUvZ8LOTlsxI,"Elita (feat. Michael Bublé & Sebastián Yatra)","Gary Barlow",https://i.scdn.co/image/ab67616d0000b2731767c8db34c9abef7b10f8c7,"2024-12-25 07:21:27.498932"
1rgTPhfIsygO4HjDafOVzR,"Como Antes",Llane,https://i.scdn.co/image/ab67616d0000b273830e1390c10b509e8d9be1eb,"2024-12-25 07:21:27.498932"
4svaGEtJdr5gdhBvdIkGaL,"Más De Ti",Llane,https://i.scdn.co/image/ab67616d0000b2735e088f0988c7b2a1577ce31b,"2024-12-25 07:21:27.498932"
3GoZFM9oqXO68BQXBA1Czv,"Pero Te Conocí",Reik,https://i.scdn.co/image/ab67616d0000b27345fa33763eae0a858fbd4cde,"2024-12-25 07:21:27.498932"
38RIEav39FGi86jppxO0du,Ignorantes,"Bad Bunny",https://i.scdn.co/image/ab67616d0000b273548f7ec52da7313de0c5e4a0,"2024-12-25 07:21:27.498932"
113PlnpZbHd3WIqeYjhZWv,Definitivamente,"Daddy Yankee",https://i.scdn.co/image/ab67616d0000b273d78f26be610c8d2368101a09,"2024-12-25 07:21:27.498932"
2CoMYp2uIKsT09nreEZnZn,BENDICIONES,"Bad Bunny",https://i.scdn.co/image/ab67616d0000b273ae879683217d488c39600092,"2024-12-25 07:21:27.498932"
5bmSver2b3ZXyuyLKtgnFI,"BAD CON NICKY","Bad Bunny",https://i.scdn.co/image/ab67616d0000b273ae879683217d488c39600092,"2024-12-25 07:21:27.498932"
0FktnzDqjClqU6iqOZVEs2,"BYE ME FUI","Bad Bunny",https://i.scdn.co/image/ab67616d0000b273ae879683217d488c39600092,"2024-12-25 07:21:27.498932"
3kG1jgWIDmjJkXhOiOmioO,"Dime Si Te Acuerdas","Bad Bunny",https://i.scdn.co/image/ab67616d0000b273c1445ffb7726fb12190914e7,"2024-12-25 07:21:27.498932"
2OWVCFTolecLiGZPquvWvT,"Estamos Bien","Bad Bunny",https://i.scdn.co/image/ab67616d0000b273519266cd05491a5b5bc22d1e,"2024-12-25 07:21:27.498932"
69vlMrzHwATKzupwNcUPyK,"La Santa","Bad Bunny",https://i.scdn.co/image/ab67616d0000b273548f7ec52da7313de0c5e4a0,"2024-12-25 07:21:27.498932"
6NfrH0ANGmgBXyxgV2PeXt,"La Difícil","Bad Bunny",https://i.scdn.co/image/ab67616d0000b273548f7ec52da7313de0c5e4a0,"2024-12-25 07:21:27.498932"
4MZSqgwlE71CWZ6qQ3gkKm,<3,"Bad Bunny",https://i.scdn.co/image/ab67616d0000b273548f7ec52da7313de0c5e4a0,"2024-12-25 07:21:27.498932"
5RubKOuDoPn5Kj5TLVxSxY,"TE MUDASTE","Bad Bunny",https://i.scdn.co/image/ab67616d0000b273005ee342f4eef2cc6e8436ab,"2024-12-25 07:21:27.498932"
0Lsis3LB0XAK6XlTHXaJk2,"MALDITA POBREZA","Bad Bunny",https://i.scdn.co/image/ab67616d0000b273005ee342f4eef2cc6e8436ab,"2024-12-25 07:21:27.498932"
23XjN1s3DZC8Q9ZwuorYY4,"TE DESEO LO MEJOR","Bad Bunny",https://i.scdn.co/image/ab67616d0000b273005ee342f4eef2cc6e8436ab,"2024-12-25 07:21:27.498932"
5fROvzNghPid8mbKNDYvpJ,"YO VISTO ASÍ","Bad Bunny",https://i.scdn.co/image/ab67616d0000b273005ee342f4eef2cc6e8436ab,"2024-12-25 07:21:27.498932"
26QApq0cuO9brJigr0C0W4,"HACIENDO QUE ME AMAS","Bad Bunny",https://i.scdn.co/image/ab67616d0000b273005ee342f4eef2cc6e8436ab,"2024-12-25 07:21:27.498932"
67ACYA3UI6QMNtHX6b34wX,"LA DROGA","Bad Bunny",https://i.scdn.co/image/ab67616d0000b273005ee342f4eef2cc6e8436ab,"2024-12-25 07:21:27.498932"
5jZ32WOU7sqzDYbzINwMUk,"SORRY PAPI","Bad Bunny",https://i.scdn.co/image/ab67616d0000b273005ee342f4eef2cc6e8436ab,"2024-12-25 07:21:27.498932"
3KJ3opyV29269SXkPrc19l,120,"Bad Bunny",https://i.scdn.co/image/ab67616d0000b273005ee342f4eef2cc6e8436ab,"2024-12-25 07:21:27.498932"
7kjEqI6eZ7YlFrGhxixnlN,"ANTES QUE SE ACABE","Bad Bunny",https://i.scdn.co/image/ab67616d0000b273005ee342f4eef2cc6e8436ab,"2024-12-25 07:21:27.498932"
26w9NTiE9NGjW1ZvIOd1So,"BOOKER T","Bad Bunny",https://i.scdn.co/image/ab67616d0000b273005ee342f4eef2cc6e8436ab,"2024-12-25 07:21:27.498932"
2XIc1pqjXV3Cr2BQUGNBck,"LA NOCHE DE ANOCHE","Bad Bunny",https://i.scdn.co/image/ab67616d0000b273005ee342f4eef2cc6e8436ab,"2024-12-25 07:21:27.498932"
4tUEgOSgpQ1E70gpvPcUPm,"Ella Dice",TINI,https://i.scdn.co/image/ab67616d0000b2735c37a54165e6e19fc5022820,"2024-12-25 07:21:27.498932"
3OYk6SZD86hLCR8tCebf89,Playa,TINI,https://i.scdn.co/image/ab67616d0000b2735c37a54165e6e19fc5022820,"2024-12-25 07:21:27.498932"
7BEPdOI0neT6p7PnLViqmH,"Bajo La Mesa",Morat,https://i.scdn.co/image/ab67616d0000b27338383c1d86fe24b5de72fb3f,"2024-12-25 07:21:27.498932"
77fvnWALKJR0ws1VUx09CY,"X (with KAROL G)","Jonas Brothers",https://i.scdn.co/image/ab67616d0000b2733b3cd45dfa6f779c01d63fdb,"2024-12-25 07:21:27.498932"
4OGfdQtBflNOFO0Nhbe9as,puzzle,Girugamesh,https://i.scdn.co/image/ab67616d0000b2730a8bc027f0c9a4d0c143c53b,"2024-12-25 21:26:18.810156"
7kstu67V8kpz9raE8EG2iY,"Dream In Drive","THE ORAL CIGARETTES",https://i.scdn.co/image/ab67616d0000b2732a01541ab34c39b5a8491bc5,"2024-12-25 21:26:18.810156"
4bB8ZhBPo2BzoY9OdTp4Gq,"Gou Ni Moyu",Sokoninaru,https://i.scdn.co/image/ab67616d0000b273b3cb944cf56bacf99a3cdcd0,"2024-12-25 21:26:18.810156"
3PcKYVcZNSsLqI1xzXV5Aq,Diver,"NICO Touches the Walls",https://i.scdn.co/image/ab67616d0000b2735a474829304786514a1cb061,"2024-12-25 21:26:18.810156"
7ncPjJBktLEOpstY5JOUMK,"一途","King Gnu",https://i.scdn.co/image/ab67616d0000b273681dedf478b2dde1a5b5ae4e,"2024-12-25 21:26:18.810156"
4c54eOtyzV55BsLo2mUwyd,Chain,BACK-ON,https://i.scdn.co/image/ab67616d0000b273af3af8353ddb9e6527b38acc,"2024-12-25 21:26:18.810156"
0UFmgncRMHavVzYxtpF0IZ,JET,"POLKADOT STINGRAY",https://i.scdn.co/image/ab67616d0000b2730999f662c859a5cae3a3f18a,"2024-12-25 21:26:18.810156"
2ZKDT4B7UhV549F4FajHCX,"リドー","POLKADOT STINGRAY",https://i.scdn.co/image/ab67616d0000b273569221a9f2ef130964ec00c0,"2024-12-25 21:26:18.810156"
7dddJpkVbSa7wMt3mJEBfa,Rijin,DIMLIM,https://i.scdn.co/image/ab67616d0000b273d098af68d2b5fecb398b03cd,"2024-12-25 21:26:18.810156"
0eZixiggPKEV0K7i0AfGct,"What's up ?",DIMLIM,https://i.scdn.co/image/ab67616d0000b273ea228c5be7ab3f307dc30b69,"2024-12-25 21:26:18.810156"
3ahUE8eQPVdrDlEMXYV3Ou,Rapport,"Tatsuya Kitani",https://i.scdn.co/image/ab67616d0000b2730574601f4bcf70362bc7cce3,"2024-12-25 21:26:18.810156"
0BxmdoTgGqbBdgAYFAGvvg,"キュートアグレッション - Leaks From His Laptop","Tatsuya Kitani",https://i.scdn.co/image/ab67616d0000b2735f94070a63db95dbcc18c0fc,"2024-12-25 21:26:18.810156"
2Oq8Z7bvZ65dSspYlfexTv,"月光","Tatsuya Kitani",https://i.scdn.co/image/ab67616d0000b27395cc75c19afec42991bf8c1a,"2024-12-25 21:26:18.810156"
5WQAussByRFjUWYQDowtHE,"スカー","Tatsuya Kitani",https://i.scdn.co/image/ab67616d0000b273c086023113fc322ffd962978,"2024-12-25 21:26:18.810156"
7o0BUPiqi5QO6MC4wQM4xG,"タイムファクター","KAMI WA SAIKORO WO FURANAI",https://i.scdn.co/image/ab67616d0000b273c9c8a43376093862b5c83e78,"2024-12-25 21:26:18.810156"
1eJsvUI02iCJ870AiwLKaK,"されど奇術師は賽を振る","Lie and a Chameleon",https://i.scdn.co/image/ab67616d0000b2730bd21d274b299de0c24cc2cc,"2024-12-25 21:26:18.810156"
3tAX0Ok5tv1mReOcHEJLz5,M1917,"a crowd of rebellion",https://i.scdn.co/image/ab67616d0000b273e6ee0a5a71ab3acaffcc0c11,"2024-12-25 21:26:18.810156"
5s0AxcVJJD2YYPstMb61ro,"Goya No Machiawase","Hello Sleepwalkers",https://i.scdn.co/image/ab67616d0000b273ce0fefd823cb043020c9c5b5,"2024-12-25 21:26:18.810156"
3eZZ7sMeKg5ykPXD2FfQBF,SCAPEGOAT,"Hello Sleepwalkers",https://i.scdn.co/image/ab67616d0000b273c9faaa006d70877a606f1ab8,"2024-12-25 21:26:18.810156"
0E35DSYyMwlhySsuo9TxZJ,Squall,"04 Limited Sazabys",https://i.scdn.co/image/ab67616d0000b2732691275bd30ef315835b192a,"2024-12-25 21:26:18.810156"
38b2nMKtd1qiVBkULMQti2,NAME,NOISEMAKER,https://i.scdn.co/image/ab67616d0000b2731b033303eec61b83e37ac666,"2024-12-25 21:26:18.810156"
5XyC4vVIFnMvpnh5StApxw,"BLACK MEMORY","THE ORAL CIGARETTES",https://i.scdn.co/image/ab67616d0000b273d1d8c6f08fd3cba8ca6fe863,"2024-12-25 21:26:18.810156"
6wGkomWcIw53tCdLa2rBfN,"Doushite (feat. Emi Noda)",TakaseToya,https://i.scdn.co/image/ab67616d0000b273ec2e7acee9fe2041e6b0a853,"2024-12-25 21:26:18.810156"
4JK1kDUdH9RTBQrrSO1QfR,"ベテルギウス",Yuuri,https://i.scdn.co/image/ab67616d0000b273d0bd51668da5629aa0cc77d8,"2024-12-25 21:26:18.810156"
4kPlQKwtPrnqLgrmmKFSlA,"ドライフラワー",Yuuri,https://i.scdn.co/image/ab67616d0000b273d0bd51668da5629aa0cc77d8,"2024-12-25 21:26:18.810156"
19mjCzLuMHZ0Tyn3eI85bo,"シャッター",Yuuri,https://i.scdn.co/image/ab67616d0000b273d0bd51668da5629aa0cc77d8,"2024-12-25 21:26:18.810156"
2Bov530xcE7aEN6XCZZQsE,"告白直前酸欠状態",Yuuri,https://i.scdn.co/image/ab67616d0000b273188327ac9022d86ad2dd6483,"2024-12-25 21:26:18.810156"
7zuuWZo0MyOdG3VHg1Mgml,Headbangeeeeerrrrr!!!!!,BABYMETAL,https://i.scdn.co/image/ab67616d0000b273d01512173f11eec708e1768f,"2024-12-25 21:26:18.810156"
3eg3igrhEhzk8bqqRz6XCt,"レオ",Yuuri,https://i.scdn.co/image/ab67616d0000b273d0bd51668da5629aa0cc77d8,"2024-12-25 21:26:18.810156"
3DMz5XiVasCKSHXgYrSc9i,Wonderland,iri,https://i.scdn.co/image/ab67616d0000b273637f66657f614deebad784ef,"2024-12-25 21:26:18.810156"
5MLIlPL6L8RVqL7YSpFdgr,"ピーターパン",Yuuri,https://i.scdn.co/image/ab67616d0000b273d0bd51668da5629aa0cc77d8,"2024-12-25 21:26:18.810156"
0kdqcbwei4MDWFEX5f33yG,Bling-Bang-Bang-Born,"Creepy Nuts",https://i.scdn.co/image/ab67616d0000b2733f6de9c0ca2148edf20daa6b,"2024-12-25 21:26:18.810156"
7iRoB3hjM7FQm3teSMSpBu,"うぉ",Yuuri,https://i.scdn.co/image/ab67616d0000b273188327ac9022d86ad2dd6483,"2024-12-25 21:26:18.810156"
7bPb3FOpEqv8q146tNeq8r,"タイムマシン",Yuuri,https://i.scdn.co/image/ab67616d0000b273188327ac9022d86ad2dd6483,"2024-12-25 21:26:18.810156"
3Gj9gaVfc3HHyqcIFaSa70,"インフィニティ",Yuuri,https://i.scdn.co/image/ab67616d0000b27365361eee8927f5b7c664f77b,"2024-12-25 21:26:18.810156"
67m4xpYnbDxRoYjzQcJtB9,Thanatos,"Shaka Bose",https://i.scdn.co/image/ab67616d0000b273b10d502d273bc04b41bb8866,"2024-12-25 21:26:18.810156"
291j3B0q0RBJ15y3TRTzA5,"ずうっといっしょ！","Tatsuya Kitani",https://i.scdn.co/image/ab67616d0000b27362ff735acde4bf398803a5fb,"2024-12-25 21:26:18.810156"
5WYTSyhKonzQZ3hu14LNr6,"もしも命が描けたら",YOASOBI,https://i.scdn.co/image/ab67616d0000b273e897f4915425f0a48484e3f9,"2024-12-25 21:26:18.810156"
4ybB34O2vsjSQRBIuWw3Cp,"Dried Flowers",Ado,https://i.scdn.co/image/ab67616d0000b273f5912abed0ea22e746552771,"2024-12-25 21:26:18.810156"
78W4mTLIh4qoLu92W4IQhO,"ライラック","Mrs. GREEN APPLE",https://i.scdn.co/image/ab67616d0000b2732dad118eff6a430b28a457bd,"2024-12-25 21:26:18.810156"
1nysdCpKAh6yif4JkmoiNy,"カーテンコール",Yuuri,https://i.scdn.co/image/ab67616d0000b2733ce11870412ceb3b494c17fa,"2024-12-25 21:26:18.810156"
7o0TPSw494RG2Q4iWmd1v6,"唱",Ado,https://i.scdn.co/image/ab67616d0000b2731b1310c35fad57bc85027f19,"2024-12-25 21:26:18.810156"
3QIAwtEEDOrv0g5NKCGrXZ,"花束","back number",https://i.scdn.co/image/ab67616d0000b2734951a4f5f9d719dfa4ef3d75,"2024-12-25 21:26:18.810156"
3CmVQtVx9KlzOuPhRJRShH,"ホムンクルス",Vaundy,https://i.scdn.co/image/ab67616d0000b27384b14e4a90377c1d19403dc2,"2024-12-25 21:26:18.810156"
1YXot2MLAG9sttepCtBRM7,"踊り子",Vaundy,https://i.scdn.co/image/ab67616d0000b2738d88fae79a837318aadcc056,"2024-12-25 21:26:18.810156"
2cxcqKwQtfKq7giphxjzOu,"晩餐歌",tuki.,https://i.scdn.co/image/ab67616d0000b27355e029fef14405c5d536453b,"2024-12-25 21:26:18.810156"
6A8NfypDHuwiLWbo4a1yca,"New Genesis",Ado,https://i.scdn.co/image/ab67616d0000b2730cbecafa929898c82adc519c,"2024-12-25 21:26:18.810156"
3WY0iazRPHOlIq6CdbKLZ6,Backlight,Ado,https://i.scdn.co/image/ab67616d0000b2730cbecafa929898c82adc519c,"2024-12-25 21:26:18.810156"
7k9Y8EXEvzKOH3zdMVXXo4,"The World's Continuation",Ado,https://i.scdn.co/image/ab67616d0000b2730cbecafa929898c82adc519c,"2024-12-25 21:26:18.810156"
0kEXWokTVYKFxRnNH1xvlg,"知らないままで",Rokudenashi,https://i.scdn.co/image/ab67616d0000b2739dba8080f150965f83611b2d,"2024-12-25 21:26:18.810156"
40gt89icqkSFqWWfMlqagb,Mouichido,"Tani Yuuki",https://i.scdn.co/image/ab67616d0000b2737d9d131027e15c39857682ce,"2024-12-25 21:26:18.810156"
2SL6pRmKNyug2DqhoVjVXq,"睨めっ娘","友成空",https://i.scdn.co/image/ab67616d0000b273cf0c82a1b6e15eb079ab4b15,"2024-12-25 21:26:18.810156"
30OezvpZTeb2Lj8sCkZYxI,"この夜を止めてよ",JUJU,https://i.scdn.co/image/ab67616d0000b273256e087ecd73ea7d9a703b79,"2024-12-25 21:26:18.810156"
57PvgLc0UuLaMEu49w8tiR,"恋人じゃなくなった日",Yuuri,https://i.scdn.co/image/ab67616d0000b273188327ac9022d86ad2dd6483,"2024-12-25 21:26:18.810156"
0tMqllhrXe8CWOosrCD1fE,"かくれんぼ",Yuuri,https://i.scdn.co/image/ab67616d0000b273d0bd51668da5629aa0cc77d8,"2024-12-25 21:26:18.810156"
1F8qSM985UzY1t8qQbDWmu,"フロントライン feat BAK&YO_CO",Yuuri,https://i.scdn.co/image/ab67616d0000b273188327ac9022d86ad2dd6483,"2024-12-25 21:26:18.810156"
4GLeHXOyA4gdTzxp5VxTu5,"アストロノーツ",Yuuri,https://i.scdn.co/image/ab67616d0000b273188327ac9022d86ad2dd6483,"2024-12-25 21:26:18.810156"
2xsndC3jwFMDk45alOgKQU,"＋1",Yuuri,https://i.scdn.co/image/ab67616d0000b27354a13ce547e3b04432543b36,"2024-12-25 21:26:18.810156"
0UqHiphvidOqxY3IxKSejM,"Echao’ a perder",Walls,https://i.scdn.co/image/ab67616d0000b273f444a15f4af0f8113b9e9346,"2024-12-26 00:09:06.094206"
0z5yLgBmAtaylDYrgwzlpH,Amapolas,"Leo Rizzi",https://i.scdn.co/image/ab67616d0000b27318330837f8c498291c4b44b7,"2024-12-26 00:09:06.579256"
7EpOXgSRgnglRWr86pZfGU,S91,"KAROL G",https://i.scdn.co/image/ab67616d0000b273890cfb712167a0186918644e,"2024-12-26 00:09:06.094206"
